{"test_return_std":14.67595007144851,"ratio_std":0.06890002638101578,"critic_loss":9.217884063720703,"advantage_std":2.9816431999206543,"old_pi_taken_mean":0.6433115005493164,"td_error_abs":2.2391533203125,"target_mean":23.029768229166667,"entropy_mean":0.6785942912101746,"_wandb":{"runtime":268},"return_mean":-55.65154509425249,"return_std":15.4798670225811,"q_taken_mean":23.602208333333333,"agent_grad_norm":1.369010090827942,"pg_loss":0.5451817512512207,"pi_taken_mean":0.6434981226921082,"test_return_mean":-53.54109673389628,"advantage_mean":-0.5724398493766785,"clip_fraction":0.03333333507180214,"_runtime":268.6309051,"_timestamp":1.7810078349211283e+09,"pi_max":0.7408240559895833,"episode":20000,"test_ep_length_mean":25,"ep_length_mean":25,"critic_grad_norm":122.1735610961914,"_step":500250,"approx_kl":0.0034355707466602325,"ratio_mean":0.9990507960319519}