{"ratio_mean":0.9759528040885925,"clip_fraction":0,"test_return_mean":-4.316090371104548,"pi_taken_mean":0.19313497841358185,"ratio_std":0.011710125021636486,"return_mean":-5.924835113832433,"advantage_mean":0.015859026461839676,"td_error_abs":0.015859026461839676,"critic_loss":0.0002650391252245754,"ep_length_mean":2,"target_mean":0.013215777774651846,"_timestamp":1.7810072483285532e+09,"pg_loss":-0.017115402966737747,"_wandb":{"runtime":2},"test_return_std":0,"test_ep_length_mean":2,"_step":2,"agent_grad_norm":0.010628393851220608,"old_pi_taken_mean":0.19787858426570892,"q_taken_mean":-0.002643247445424398,"return_std":0,"critic_grad_norm":0.05889936536550522,"advantage_std":0.0036783749237656593,"entropy_mean":1.607686161994934,"_runtime":2.1058086,"approx_kl":0.024412870407104492,"pi_max":0.2127394676208496}