{"_runtime":0.3509352,"connectivity_test":1,"_timestamp":1.7810070434139168e+09,"_step":1,"_wandb":{"runtime":0}}