{"pi_taken_mean":0.7838630080223083,"pg_loss":0.2607480585575104,"approx_kl":-0.006229470483958721,"ratio_std":0.11372820287942886,"return_std":11.79980539105602,"test_return_mean":-37.12082508322519,"clip_fraction":0.052000001072883606,"ep_length_mean":25,"ratio_mean":1.0119237899780273,"test_return_std":10.62590020050739,"_wandb":{"runtime":12038},"agent_grad_norm":2.1389667987823486,"old_pi_taken_mean":0.7803609371185303,"episode":802000,"td_error_abs":1.89148095703125,"test_ep_length_mean":25,"q_taken_mean":103.54169791666666,"advantage_mean":-0.28629815578460693,"critic_loss":8.888154029846191,"_step":20050250,"_runtime":12038.050889,"target_mean":103.25540625,"return_mean":-37.47919462440084,"critic_grad_norm":149.12879943847656,"entropy_mean":0.398579865694046,"pi_max":0.8405196940104167,"_timestamp":1.781020084784095e+09,"advantage_std":2.967522144317627}