{
  "advantage_mean": [
    0.015859026461839676
  ],
  "advantage_mean_T": [
    2
  ],
  "advantage_std": [
    0.0036783749237656593
  ],
  "advantage_std_T": [
    2
  ],
  "agent_grad_norm": [
    0.010628393851220608
  ],
  "agent_grad_norm_T": [
    2
  ],
  "approx_kl": [
    0.024412870407104492
  ],
  "approx_kl_T": [
    2
  ],
  "clip_fraction": [
    0.0
  ],
  "clip_fraction_T": [
    2
  ],
  "critic_grad_norm": [
    0.05889936536550522
  ],
  "critic_grad_norm_T": [
    2
  ],
  "critic_loss": [
    0.0002650391252245754
  ],
  "critic_loss_T": [
    2
  ],
  "entropy_mean": [
    1.607686161994934
  ],
  "entropy_mean_T": [
    2
  ],
  "ep_length_mean": [
    2.0
  ],
  "ep_length_mean_T": [
    2
  ],
  "old_pi_taken_mean": [
    0.19787858426570892
  ],
  "old_pi_taken_mean_T": [
    2
  ],
  "pg_loss": [
    -0.017115402966737747
  ],
  "pg_loss_T": [
    2
  ],
  "pi_max": [
    0.2127394676208496
  ],
  "pi_max_T": [
    2
  ],
  "pi_taken_mean": [
    0.19313497841358185
  ],
  "pi_taken_mean_T": [
    2
  ],
  "q_taken_mean": [
    -0.002643247445424398
  ],
  "q_taken_mean_T": [
    2
  ],
  "ratio_mean": [
    0.9759528040885925
  ],
  "ratio_mean_T": [
    2
  ],
  "ratio_std": [
    0.011710125021636486
  ],
  "ratio_std_T": [
    2
  ],
  "return_mean": [
    {
      "dtype": "float64",
      "py/object": "numpy.float64",
      "value": -5.924835113832433
    }
  ],
  "return_mean_T": [
    2
  ],
  "return_std": [
    {
      "dtype": "float64",
      "py/object": "numpy.float64",
      "value": 0.0
    }
  ],
  "return_std_T": [
    2
  ],
  "target_mean": [
    0.013215777774651846
  ],
  "target_mean_T": [
    2
  ],
  "td_error_abs": [
    0.015859026461839676
  ],
  "td_error_abs_T": [
    2
  ],
  "test_ep_length_mean": [
    2.0
  ],
  "test_ep_length_mean_T": [
    2
  ],
  "test_return_mean": [
    {
      "dtype": "float64",
      "py/object": "numpy.float64",
      "value": -4.316090371104548
    }
  ],
  "test_return_mean_T": [
    2
  ],
  "test_return_std": [
    {
      "dtype": "float64",
      "py/object": "numpy.float64",
      "value": 0.0
    }
  ],
  "test_return_std_T": [
    2
  ]
}