{"critic_grad_norm":1.251199722290039,"q_taken_mean":0.03803001592556635,"return_mean":-4.122154382704242,"_step":2,"test_return_mean":-6.1786154400282065,"advantage_mean":-0.2678408622741699,"pi_taken_mean":0.1979311853647232,"test_ep_length_mean":2,"ratio_mean":0.9627436995506287,"td_error_abs":0.32541799545288086,"pi_max":0.21956992149353027,"old_pi_taken_mean":0.20546726882457733,"target_mean":-0.22981083393096924,"test_return_std":0,"return_std":0,"entropy_mean":1.6068625450134277,"critic_loss":0.17764489352703094,"advantage_std":0.32543227076530457,"_wandb":{"runtime":2},"ep_length_mean":2,"agent_grad_norm":0.31980666518211365,"clip_fraction":0,"_runtime":2.1738925,"_timestamp":1.781007518946147e+09,"approx_kl":0.03957511857151985,"pg_loss":0.24132366478443146,"ratio_std":0.055128585547208786}